Date,Activity
"2022-11-01, 09:00",MATH203.1 Introduction to Probability and Statistics
"2022-11-01, 12:00",MATH202.1 Differential Equations
"2022-11-02, 09:00",NS102.1Physics
"2022-11-03, 09:00",CS302.2 Algorithms and Data Structures
"2022-11-03, 11:00",MATH203.1 Introduction to Probability and Statistics
"2022-11-03, 14:00",MATH202.1 Differential Equations
,
,
"2022-11-07, 12:00",CS412 Web Application Development
"2022-11-08, 09:00",MATH203.1 Introduction to Probability and Statistics. MATH203.1 Introduction to Probability and Statistics. MATH203.1 Introduction to Probability and Statistics. MATH203.1 Introduction to Probability and Statistics.
"2022-11-08, 12:00",MATH202.1 Differential Equations
"2022-11-09, 09:00",NS102.1Physics
"2022-11-10, 09:00",CS302.2 Algorithms and Data Structures
"2022-11-10, 11:00",MATH203.1 Introduction to Probability and Statistics
"2022-11-10, 14:00",MATH202.1 Differential Equations
,
,
"2022-11-14, 12:00",CS412 Web Application Development
"2022-11-15, 09:00",MATH203.1 Introduction to Probability and Statistics
"2022-11-15, 12:00",MATH202.1 Differential Equations
"2022-11-16, 09:00",Lorem ipsum dolor sit ametonsectetur adipiscing elit sed do eiusmod tempor incididunt ut labore et dolore magna aliqua. Egestas pretium aenean pharetra magna ac placerat. Fermentum posuere urna nec tincidunt praesent semper feugiat nibh. Risus ultricies tristique nulla aliquet enim tortor at auctor urna. Eu consequat ac felis donec et odio pellentesque diam. Tellus cras adipiscing enim eu turpis egestas pretium. Eget mauris pharetra et ultrices. Nibh ipsum consequat nisl vel pretium lectus quam id. Eget lorem dolor sed viverra ipsum nunc. Vel facilisis volutpat est velit egestas. Vestibulum mattis ullamcorper velit sed ullamcorper morbi tincidunt. Tortor condimentum lacinia quis vel eros donec ac odio tempor. Lorem ipsum dolor sit amet consectetur adipiscing. Scelerisque mauris pellentesque pulvinar pellentesque habitant. Neque aliquam vestibulum morbi blandit cursus risus at ultrices. Sed libero enim sed faucibus turpis. Amet volutpat consequat mauris nunc congue nisi vitae suscipit tellus. Duis at consectetur lorem donec massa sapien faucibus et. Arcu ac tortor dignissim convallis. Non diam phasellus vestibulum lorem sed risus ultricies tristique nulla. Sollicitudin aliquam ultrices sagittis orci a scelerisque purus semper eget. Malesuada pellentesque elit eget gravida cum sociis natoque penatibus et. Massa massa ultricies mi quis hendrerit dolor magna eget est. In fermentum posuere urna nec. Libero enim sed faucibus turpis. Proin libero nunc consequat interdum varius sit. Sit amet nulla facilisi morbi tempus iaculis. At quis risus sed vulputate odio ut enim blandit volutpat. Aliquet risus feugiat in ante metus dictum at tempor. Scelerisque eleifend donec pretium vulputate sapien nec sagittis aliquam malesuada. Sed nisi lacus sed viverra. Consequat mauris nunc congue nisi vitae suscipit. Aliquet lectus proin nibh nisl condimentum. Scelerisque varius morbi enim nunc. Quis imperdiet massa tincidunt nunc pulvinar sapien et ligula. Pellentesque massa placerat duis ultricies lacus. Congue eu consequat ac felis donec et. Hac habitasse platea dictumst vestibulum rhoncus est pellentesque elit. Consectetur libero id faucibus nisl tincidunt. Sagittis nisl rhoncus mattis rhoncus urna neque. Id faucibus nisl tincidunt eget nullam non. Non arcu risus quis varius quam quisque id. Facilisi nullam vehicula ipsum a arcu cursus vitae congue. Ut aliquam purus sit amet luctus venenatis lectus. Fermentum et sollicitudin ac orci. Dolor morbi non arcu risus quis varius quam. Facilisis sed odio morbi quis commodo odio aenean sed adipiscing. Semper auctor neque vitae tempus quam pellentesque. Commodo odio aenean sed adipiscing diam donec adipiscing tristique. Et netus et malesuada fames ac turpis egestas. Sed pulvinar proin gravida hendrerit lectus a. Enim tortor at auctor urna nunc id cursus metus. Accumsan lacus vel facilisis volutpat est velit egestas. At risus viverra adipiscing at in tellus integer feugiat. Mus mauris vitae ultricies leo integer malesuada nunc. Diam sollicitudin tempor id eu nisl nunc mi ipsum faucibus. Arcu cursus vitae congue mauris rhoncus aenean vel elit. Eget duis at tellus at urna. Cursus risus at ultrices mi tempus imperdiet nulla malesuada. Nulla facilisi morbi tempus iaculis. Tincidunt tortor aliquam nulla facilisi cras fermentum odio eu feugiat. In mollis nunc sed id semper. Maecenas ultricies mi eget mauris pharetra et ultrices neque. Nibh sed pulvinar proin gravida. Nisl nunc mi ipsum faucibus vitae aliquet nec. Nibh tellus molestie nunc non blandit. Diam ut venenatis tellus in metus vulputate eu. Nibh tortor id aliquet lectus proin nibh nisl condimentum. Sed velit dignissim sodales ut eu sem. Aenean vel elit scelerisque mauris pellentesque pulvinar pellentesque habitant. Ac felis donec et odio pellentesque diam. Blandit turpis cursus in hac habitasse platea dictumst quisque. Metus vulputate eu scelerisque felis imperdiet.
"2022-11-17, 09:00",CS302.2 Algorithms and Data Structures
"2022-11-17, 11:00",MATH203.1 Introduction to Probability and Statistics
"2022-11-17, 14:00",MATH202.1 Differential Equations
,
,
"2022-11-21, 12:00",CS412 Web Application Development
"2022-11-22, 09:00",MATH203.1 Introduction to Probability and Statistics
"2022-11-22, 12:00",MATH202.1 Differential Equations
"2022-11-23, 09:00",NS102.1Physics
"2022-11-24, 09:00",CS302.2 Algorithms and Data Structures
"2022-11-24, 11:00",MATH203.1 Introduction to Probability and Statistics
"2022-11-24, 14:00",MATH202.1 Differential Equations
,
,
"2022-11-28, 12:00",CS412 Web Application Development
"2022-11-29, 09:00",MATH203.1 Introduction to Probability and Statistics
"2022-11-29, 12:00",MATH202.1 Differential Equations
"2022-11-30, 09:00",Vestibulum aliquet finibus metus a molestie ligula blandit sit amet. Praesent dictum urna vehicula auctor tristique. Curabitur vel massa quis purus consequat elementum. Nam in sagittis erat et convallis metus. Nam id suscipit velit et sollicitudin nisi. Morbi ornare nisi est sit amet auctor erat mattis in. Sed ornare nisl tellus pharetra elementum quam ultricies quis. Aenean eu metus tempus porttitor augue eleifend sodales tellus. Fusce libero libero placerat a metus at mattis scelerisque erat. Mauris sed neque aliquet accumsan diam in luctus eros. In venenatis pulvinar magna a blandit. Cras vel egestas nulla nec sollicitudin nunc. Vivamus laoreet ante lobortis pulvinar turpis sed euismod augue. Quisque id dictum mi. Donec venenatis leo quis dolor mattis imperdiet. Nam eget massa in odio malesuada scelerisque.
